Continued…,,,,,,
State/Union Territory,GeographicalArea/CGDNetworks,AuthorizedCGDEntity,CNG Stations,Domestic (PNG),Commercial (PNG),Industrial (PNG)
Gujarat,AhmedabadCity (OnlyforCNG)##,HindustanPetroleum CorporationLimited,22,0,0,0
,AhmedabadCityandDaskroiArea,AdaniTotalGasLimited,86,721981,3663,827
,AhmedabadDistrict(EAAA),GujaratGasLimited,29,23673,57,35
,AmreliDistrict,GujaratGasLimited,15,18710,60,6
,AnandareaincludingKanjari&Vadtal Villages(inKhedaDistrict),Charotar GasSahakariMandali Limited,14,53374,790,171
,AnandDistrict(EAAA),GujaratGasLimited,29,46297,487,31
,BanaskanthaDistrict,IRMEnergyPrivateLimited,49,60508,292,15
,Barwala&RanpurTalukas,AdaniTotalGasLimited,5,134,5,0
,Bhavnagar,GujaratGasLimited,41,78452,491,107
,DahejVagraTaluka,GujaratGasLimited,5,1617,20,67
,DahodDistrict,GujaratGasLimited,19,13647,41,26
,GandhinagarMehsanaSabarkantha,SabarmatiGasLimited,136,313146,1298,474
,Gandhinagar###,GujaratGasLimited,16,177423,662,25
,Hazira,GujaratGasLimited,1,42783,155,21
,Jamnagar,GujaratGasLimited,30,60360,275,132
,Junagadh District,TorrentGasLimited,18,14364,75,4
,KhedaDistrict(EAAA)&Mahisagar District,AdaniTotalGasLimited,27,5402,7,0
,Kutch(East)*,JayMadhokEnergyPrivate LimitedledConsortium,0,0,0,0
,Kutch(West),GujaratGasLimited,19,15266,82,12
,Nadiad,GujaratGasLimited,31,79557,653,34
,Narmada (Rajpipla)District,GujaratGasLimited,10,4715,8,0
,Navsari,GujaratGasLimited,27,127636,285,51
,"NavsariDistrict(EAAA),SuratDistrict (EAAA),TapiDistrict(EAAA)&theDangs",AdaniTotalGasLimited,12,5849,11,0
,PanchmahalDistrict,GujaratGasLimited,31,29086,164,88
,PatanDistrict,SabarmatiGasLimited,25,24586,81,12
,PorbandarDistrict,AdaniTotalGasLimited,10,1725,2,0
,Rajkot,GujaratGasLimited,90,400606,1294,1446
,"Surat,Bharuch,Ankleshwar",GujaratGasLimited,119,890776,9463,1041
,Surendranagar,GujaratGasLimited,28,34177,355,374
,SurendranagarDistrict(EAAA)&Morbi District(EAAA),AdaniTotalGasLimited,16,3335,1,3
,Vadodara,VadodaraGasLimited,46,277571,2976,65
,Vadodara**,AdaniTotalGasLimited,6,616,1,73
,Valsad,GujaratGasLimited,28,148419,489,737
GujaratTotal,,,1040,367579 1,24243,5877
Haryana,Ambala&KurukshetraDistricts,HPOILGasPrivateLimited,31,21005,96,14
,"Bhiwani,CharkhiDadri&Mahendragarh Districts",AdaniTotalGasLimited,52,5083,4,0
,Faridabad***,IndraprasthaGas Limited,0,0,0,0
,Faridabad-2,AdaniTotalGasLimited,34,153666,593,905
,Gurugram(IGL)***,IndraprasthaGas Limited,27,36694,155,77
,Gurugram-2,HaryanaCityGasDistribution Limited,54,59393,413,722
,HisarDistrict,HCG(KCE)PrivateLimited,31,760,10,16
,JhajjarDistrict,HaryanaCityGas(KCE)Private Limited,37,1465,0,241
,KaithalDistrict,IndraprasthaGas Limited,16,41730,11,5
,KarnalDistrict,IndraprasthaGas Limited,30,37010,31,72
,NuhandPalwalDistircts,AdaniTotalGasLimited,43,29894,39,135
,PanipatDistrict,Indian-OilAdaniGasPrivate Limited,19,17660,25,82
,RewariDistrict,IndraprasthaGas Limited,46,33892,118,255
,Rohtak District,BharatPetroleumCorporation Limited,25,13207,39,42
,Sonipat,GAILGasLimited,29,41826,48,321
,SonipatDistrict(EAAA)&JindDistrict,HindustanPetroleum CorporationLimited,45,14743,11,24
,YamunanagarDistrict,BharatPetroleumCorporation Limited,15,11772,49,6
HaryanaTotal,,,534,519800,1642,2917
Haryana& Himachal Pradesh,"PanchkulaDistrict(EAAA),Sirmaur, Shimla&Solan(EAAA)Districts",Indian-OilAdaniGasPrivate Limited,14,214,2,1
Haryana&HimachalPradeshTotal,,,14,214,2,1
Haryana& Punjab,"Sirsa, Fatehabad and Mansa (Punjab) Districts",GujaratGasLimited,28,2830,5,0
Haryana&PunjabTotal,,,28,2830,5,0
Himachal Pradesh,"Bilaspur,Hamirpur&UnaDistricts",BharatPetroleumCorporation Limited,14,11552,49,13
,KangraandChambadistricts,"ConsortiumofTHINKGas DistributionPrivateLimited, Think GasInvestmentPte.Ltd. &ThinkGasInvestmentPte.II Ltd",3,0,0,0
,"Mandi,Kullu,KinnaurandLahaul&Spiti districts",GasonetServices(HP)Limited,3,0,0,0
Himachal PradeshTotal,,,20,11552,49,13
