Table3.1:Worldtop30naturalgasreservecountries,,
Asin2020,,
Sr.No.,Country,BCM
1,RussianFederation,37392
2,Iran,32101
3,Qatar,24665
4,Turkmenistan,13601
5,US,12619
6,China,8399
7,Venezuela,6260
8,SaudiArabia,6019
9,UnitedArabEmirates,5939
10,Nigeria,5473
11,Iraq,3529
12,Azerbaijan,2504
13,Australia,2390
14,Canada,2354
15,Algeria,2279
16,Kazakhstan,2257
17,Egypt,2138
18,Kuwait,1695
19,OtherAfrica,1569
20,Libya,1430
21,Norway,1429
22,India,1320
23,Indonesia,1252
24,Ukraine,1091
25,Malaysia,908
26,Uzbekistan,845
27,Oman,666
27,Vietnam,646
29,Israel,589
30,Myanmar,432
,Others,4283
,TotalWorld,188074
,ofwhich:OECD,20280
,Non-OECD,167795
,EuropeanUnion,442
"Source:EnergyInstitute'sStatisticalReviewofWorldEnergy,2025.Latestdataavailablefor thistableisfor 2020. FiguresareforCalendaryear",,
