Table 6.1 : Consumption of Petroleum Products,,,,,,,,,,,,,
(MMT),,,,,,,,,,,,,
Products,2014- 15,2015- 16,2016- 17,2017- 18,2018- 19,2019- 20,2020- 21,2021- 22,2022-23,2023-24,2024-25,2024-25 (H1),2025-26 (H1)
LPG,18.0,19.6,21.6,23.3,24.9,26.3,27.6,28.3,28.5,29.7,31.3,15.0,16.2
MS,19.1,21.8,23.8,26.2,28.3,30.0,28.0,30.8,35.0,37.2,40.0,19.8,21.2
Naphtha,11.1,13.3,13.2,12.9,14.1,14.3,14.1,13.2,12.2,13.8,13.0,6.7,5.9
ATF,5.7,6.3,7.0,7.6,8.3,8.0,3.7,5.0,7.4,8.2,9.0,4.4,4.4
SKO,7.1,6.8,5.4,3.8,3.5,2.4,1.8,1.5,0.5,0.5,0.4,0.2,0.2
HSD,69.4,74.6,76.0,81.1,83.5,82.6,72.7,76.7,85.9,89.6,91.4,44.4,45.7
LDO,0.4,0.4,0.4,0.5,0.6,0.6,0.9,1.0,0.7,0.8,0.8,0.4,0.5
Lubes,3.3,3.6,3.5,3.9,3.7,3.8,4.1,4.5,3.7,4.1,4.6,2.3,2.3
FO/LSHS,6.0,6.6,7.2,6.7,6.6,6.3,5.6,6.3,7.0,6.5,6.4,3.3,3.0
Bitumen,5.1,5.9,5.9,6.1,6.7,6.7,7.5,7.8,8.0,8.8,8.6,3.6,3.8
Petcoke,14.6,19.3,24.0,25.7,21.3,21.7,15.6,14.3,18.3,20.3,22.0,10.4,9.8
Others*,5.9,6.4,6.6,8.3,11.7,11.4,12.8,12.3,15.8,14.7,11.6,6.5,5.2
All India,165.5,184.7,194.6,206.2,213.2,214.1,194.3,201.7,223.0,234.3,239.2,117.1,118.3
Growth (%),4.5,11.6,5.4,5.9,3.4,0.4,-9.3,3.8,10.6,5.0,2.1,2.5,1.0
"Note: *Others include sulphur, propylene, propane, reformat, butane, MTO (Mineral Turpentine oil) etc Source: Oil Companies, Directorate General of Commercial Intelligence and Statistics (DGCIS) & online SEZ data (included from2017-18 onwards). (Oil company sales+Privateimports+SEZsales to DTA= Consumption);",,,,,,,,,,,,,
