"Table2.2:Worldtop30crudeoil*producingcountries,2024",,,
S.No,Country,Production,
,,Milliontonnes,Millionbarrelsdaily
1,US,1002.6,20.1
2,SaudiArabia,540.6,10.9
3,RussianFederation,535.4,10.8
4,Canada,293.2,5.9
5,Iran,252.1,5.1
6,Iraq,219.0,4.4
7,China,212.3,4.3
8,UnitedArabEmirates,199.5,4.0
9,Brazil,172.6,3.5
10,Kuwait,135.4,2.7
11,Mexico,95.2,1.9
12,Kazakhstan,91.4,1.8
13,Norway,91.3,1.8
14,Qatar,89.9,1.8
15,Nigeria,81.7,1.6
16,Algeria,68.7,1.4
17,Argentina,60.5,1.2
18,Libya,59.2,1.2
19,Angola,58.8,1.2
20,Oman,49.4,1.0
21,Venezuela,47.8,1.0
22,Colombia,38.5,0.8
23,India,36.6,0.7
24,UnitedKingdom,32.5,0.7
25,Egypt,31.7,0.6
26,Guyana,30.7,0.6
27,Indonesia,30.5,0.6
28,Azerbaijan,29.8,0.6
29,Malaysia,26.7,0.5
30,Ecuador,23.7,0.5
,Subtotal,4637.0,93.1
,Others,187.6,3.8
,TotalWorld,4824.7,96.9
,ofwhich: OECD,1591.4,32.0
,Non-OECD,3233.3,64.9
,OPEC,1633.2,32.8
,Non-OPEC,3191.5,64.1
,EuropeanUnion#,16.4,0.3
"Source:EnergyInstitute'sStatisticalReviewofWorldEnergy,2025 *Includescrudeoil,shaleoil,oilsands,condensates(leasecondensateorgascondensatesthatrequirefurtherrefining)and NGLs(naturalgasliquids- ethane,LPG andnaphthaseparatedfromtheproductionofnaturalgas). Excludesliquidfuelsfromothersourcessuchasbiofuelsandsyntheticderivativesofcoalandnaturalgas.Thisalso excludesliquidfueladjustment factorssuchasrefineryprocessinggain.Excludesoil shales/kerogenextractedinsolid form. #ExcludesEstonia,LatviaandLithuaniapriorto1985andCroatiaandSloveniapriorto1990.",,,
