Table4.6 :ProductionvisavisConsumptionofPetroleumProducts,,,
(MMT),,,
Year,Consumption,Productionfromrefineries & othersources*,Surplus(+)/Deficit(-)
,(A),(B),(B)-(A)
1997-98,84.3,64.7,-19.6
1998-99,90.6,68.4,-22.2
1999-00,97.1,82.9,-14.2
2000-01,100.1,99.6,-0.5
2001-02,100.4,104.3,3.9
2002-03,104.1,108.7,4.5
2003-04,107.8,117.6,9.9
2004-05,111.6,123.3,11.6
2005-06,113.2,124.6,11.4
2006-07,120.7,140.6,19.9
2007-08,128.9,150.4,21.5
2008-09,133.6,157.9,24.3
2009-10,137.8,185.5,47.7
2010-11,141.0,196.2,55.2
2011-12,148.1,204.5,56.3
2012-13,157.1,218.2,61.2
2013-14,158.4,220.7,62.3
2014-15,165.5,221.1,55.6
2015-16,184.7,231.9,47.2
2016-17,194.6,243.5,48.9
2017-18,206.2,254.3,48.1
2018-19,213.2,262.4,49.1
2019-20,214.1,262.9,48.8
2020-21,194.3,233.5,39.2
2021-22,201.7,254.3,52.6
2022-23,223.0,266.5,43.5
2023-24,234.3,276.1,41.8
2024-25,239.5,283.8,44.3
2024-25(H1),117.1,139.9,22.8
2025-26(H1),118.3,139.6,21.4
Note: includesdirectimports byprivateparties *Fractionatorsandgasprocessingplants,,,
