Table 2.7(B): Status of blocks under OALP round of HELP and DSF Rounds (As on 01.10.2025),,,,,,,,,,,,,,,,,,,,,
ROUND,RAEY HCNUAL,,DEREFFO,AWARDED,,,,,RELINQUISHED,,,,,OPERATIONAL,,,,PEL/PML Awaited,,,
,,,,PEED ARTLU RETAW /PEED,RETAW WOLLAHS,DNALNO,LATOT,,PEED ARTLU RETAW /PEED,RETAW WOLLAHS,DNALNO,,LATOT,PEED ARTLU RETAW /PEED,RETAW WOLLAHS,DNALNO,LATOT,PEED ARTLU RETAW /PEED,RETAW WOLLAHS,DNALNO,LATOT
OALP,,,,,,,,,,,,,,,,,,,,,
OALP Round-I,,2018,55,1,8,46,,55,0,4,15,,19,1,4,31,36,0,0,0,0
OALP Round-II,,2019,14,1,5,8,,14,0,3,3,,6,1,2,5,8,0,0,0,0
OALP Round-III,,2019,18,1,3,14,,18,0,0,3,,3,1,3,9,13,0,1,1,2
OALP Round-IV,,2019,7,0,0,7,,7,0,0,3,,3,0,0,4,4,0,0,0,0
OALP Round-V,,2020,11,1,2,8,,11,0,1,3,,4,1,1,5,7,0,0,0,0
OALP Round-VI,,2021,21,2,4,15,,21,0,2,0,,2,2,2,14,18,0,0,1,1
OALP Round-VII,,2021,8,1,2,5,,8,0,0,0,,0,1,2,5,8,0,0,0,0
OALP Round-VIII,,2022,10,4,4,2,,10,0,0,0,,0,4,4,2,10,0,0,0,0
OALP Round-IX,,2024,28,11,8,9,,28,0,0,0,,0,0,0,0,0,11,8,9,28
OALP Total,,,172,22,36,114,,172,0,10,27,,37,11,18,75,104,11,9,11,31
DSF,,,,,,,,,,,,,,,,,,,,,
DSF Round-I,,2016,46,0,7,23,,30,0,4,12,16,,0,3,9,12,0,0,3,3
DSF Round-II,,2018,25,0,9,15,,24,0,1,4,5,,0,7,11,18,0,0,1,1
DSF Round-III*,,2021,32,1,19,11,,31,1,1,3,5,,0,13,6,19,0,0,1,1
Special DSF,,2024,2,0,2,0,,2,0,0,0,0,,0,2,0,2,0,1,0,1
DSF Total,,,105,1,37,49,,87,1,6,19,26,,0,25,26,51,0,1,5,6
TOTAL,,,277,23,73,163,,259,1,16,46,63,,11,43,101,155,11,10,16,37
Source:DGH Note:NELP:NewExplorationLicensingPolicy HELP:HydrocarbonExplorationLicensingPolicy OALP:OpenAcreageLicensingPolicyRound DSP:DiscoveredSmallandMarginalFields,,,,,,,,,,,,,,,,,,,,,
