Table 6.8 : Break-up of consumption data (PSU and Private),,,,,,,,,,,,,,,,,,
(TMT),,,,,,,,,,,,,,,,,,
Product,2021-22,,,2022-23,,,2023-24,,,2024-25,,,2024-25 (H1),,,2025-26 (H1),,
,USP,etavirP,latoT,USP,etavirP,latoT,USP,etavirP,latoT,USP,etavirP,latoT,USP,etavirP,latoT,USP,etavirP,latoT
LPG,28253,0,28253,28504,0,28504,29650,14,29664,31190,138,31328,14924,101,15025,16025,175,16200
MS,27905,2944,30849,32631,2345,34976,34152,3067,37219,36334,3670,40004,18081,1769,19850,19105,2087,21191
Naphtha,6426,6820,13246,5428,6699,12127,6621,7191,13812,6942,6086,13028,3435,3284,6718,3104,2751,5854
ATF,4707,301,5008,6960,418,7378,7567,680,8247,7962,1022,8984,3881,496,4377,3988,430,4418
SKO,1493,0,1493,490,,490,479,0,479,408,,408,205,,205,212,,212
HSD,68411,8248,76659,81435,4466,85900,80700,8926,89626,80903,10504,91407,39358,5024,44382,39952,5740,45692
LDO,765,252,1017,625,100,726,650,132,782,663,175,838,313,77,390,373,136,509
Lubes,1563,2977,4540,1690,2047,3737,1806,2281,4087,1854,2726,4580,841,1482,2323,870,1447,2317
FO/LSHS,5542,720,6262,6174,783,6958,5782,739,6520,5770,676,6446,2857,439,3295,2746,290,3036
Bitumen,5093,2723,7816,5211,2830,8041,5576,3231,8807,5769,2812,8581,2377,1252,3629,2309,1519,3829
PetCoke,6110,8145,14255,7206,11137,18343,7015,13304,20319,6457,15546,22003,3266,7100,10366,3133,6711,9844
Others,5073,7224,12297,5078,10764,15842,4939,9757,14696,5206,6407,11613,2615,3917,6532,2887,2306,5193
Total,161343,40354,201697,181432,41590,223022,184937,49321,234259,189458,49762,239220,92152,24941,117093,94706,23590,118296
"Source: Oil companies, Directorate General of Commercial Intelligence and Statistics (DGCIS) & SEZ data (included from FY 2017-18 onwards). (Oil company sales+Privateimports+SEZsales to DTA=Consumption) Note: Private consumption includes direct imports as well as marketing by private oil companies.",,,,,,,,,,,,,,,,,,
