"Table 6.6 : Oil industry Retail Outlets, SKO / LDO Agencies",,,,,,,,,,
State/UT,Numbers of Retail Outlets(as on ),,,,,Numbers of SKO/LDO Agencies (as on ),,,,
,1.4.2022,1.4.2023,1.4.2024,1.4.2025,1.10.2025,1.4.2022,1.4.2023,1.4.2024,1.4.2025,1.10.2025
Chandigarh,47,48,50,48,48,12,11,11,11,11
Delhi,400,402,403,404,404,111,112,112,112,112
Haryana,3660,3769,3895,4143,4265,139,150,150,150,150
HimachalPradesh,638,701,725,815,845,26,25,25,25,25
Jammu& Kashmir,581,643,673,749,779,45,50,50,50,50
Ladakh,27,32,35,37,40,2,2,2,2,2
Punjab,3920,4000,4062,4185,4238,237,232,232,232,232
Rajasthan,6028,6348,6611,7033,7217,248,285,285,285,285
UttarPradesh,10162,10709,11309,12393,12701,674,772,758,758,758
Uttarakhand,763,798,844,918,936,69,73,73,73,73
SUBTOTALNORTH,26226,27450,28607,30725,31473,1563,1712,1698,1698,1698
Andaman &Nicobar Islands,19,19,19,20,20,2,2,2,2,2
Bihar,3341,3523,3610,3767,3847,362,349,349,349,349
Jharkhand,1634,1681,1723,1897,1954,87,110,109,109,109
Odisha,2246,2340,2420,2648,2733,176,172,172,172,172
WestBengal,2894,3006,3066,3307,3416,455,470,470,470,470
SUBTOTALEAST,10134,10569,10838,11639,11970,1082,1103,1102,1102,1102
ArunachalPradesh,178,195,201,277,291,33,30,30,30,30
Assam,1312,1417,1459,1579,1643,359,227,227,227,227
Manipur,178,195,206,215,217,36,40,40,40,40
Meghalaya,270,285,294,319,336,35,31,31,31,31
Mizoram,72,96,105,113,117,19,27,27,27,27
Nagaland,150,167,190,225,235,19,19,19,19,19
Sikkim,63,65,69,75,77,12,7,7,7,7
Tripura,108,114,131,149,156,40,48,48,48,48
SUBTOTALNORTH EAST,2331,2534,2655,2952,3072,553,429,429,429,429
Chhattisgarh,1969,2071,2137,2363,2453,108,105,105,105,105
Dadra& NH and Daman&Diu,64,66,66,72,73,7,7,7,7,7
Goa,127,135,138,146,148,22,19,19,19,19
Gujarat,5502,5661,5825,6295,6474,470,466,466,466,466
MadhyaPradesh,5566,5909,6112,6587,6776,284,279,279,279,279
Maharashtra,7667,8045,8358,8798,9033,752,786,786,786,786
SUBTOTALWEST,20895,21887,22636,24261,24957,1643,1662,1662,1662,1662
AndhraPradesh,4230,4345,4461,4773,4875,384,328,328,328,328
Karnataka,5929,6199,6496,7106,7287,309,376,376,376,376
Kerala,2559,2694,2820,2979,3078,234,200,196,196,196
Lakshadweep,1,4,4,4,4,0,1,1,1,1
Puducherry,179,186,197,210,213,8,6,6,6,6
TamilNadu,6745,7018,7251,7692,7875,458,392,392,392,392
Telangana,3798,3969,4119,4383,4477,202,205,205,205,205
SUBTOTALSOUTH,23441,24415,25348,27147,27809,1595,1508,1504,1504,1504
AllIndia,83027,86855,90084,96724,99281,6436,6414,6395,6395,6395
Source:Oilcompanies(Includesdealersofprivateoilcompanies);P- Provisional,,,,,,,,,,
"•On allIndiabasisthepercentagegrowthinthenumberofretailoutletsfrom01.04.2022to01.10.2025hasbeen20%.Theregion wisegrowthishighestfortheNorthEasternregion (32%),followedbyNorthernregion(20%),Westernregion(19%), Southernregion(19%)andEasternregion(18%).",,,,,,,,,,
•AsmanystateshavebecomekerosenefreeinthelastfiveyearsandduetovoluntarysurrenderofPDSkerosenequotabysome otherstherehasbeenadeclineinthenumberof kerosenedealersinthecountry.,,,,,,,,,,
