Table4.7:GrossRefiningMargins(GRM)ofRefineries,,,,,,,
$/bbl,,,,,,,
Company,2020- 21,2021- 22,2022- 23,2023- 24,2024- 25,2024-25 (Q1),2025-26 (Q1)
PSUrefineries,,,,,,,
IOCL#,5.64,11.25,19.52,12.05,4.80,6.39,2.15
BPCL,4.06,9.09,20.24,14.14,6.82,7.86,4.88
HPCL,3.86,7.19,12.09,9.08,5.74,5.03,3.08
CPCL,7.14,8.85,12.48,8.64,4.22,6.33,3.22
MRPL,3.71,8.72,9.88,10.36,4.45,4.70,3.88
NRL#,37.23,43.46,35.82,29.72,19.95,21.50,21.41
BORL,6.20,11.00,**,**,**,**,**
Singapore,0.53,4.99,10.76,6.58,3.82,3.53,5.64
"#GRMofNorth-Eastrefineriesareincludingexciseduty benefit * Notavailable **BPCLfigures fortheperiod2022-23onwardsincludesBORLalsoafteritsmergerwithBPCL AsperU.S.EnergyInformationAdministration (EIA),GrossRefining Marginisthedifference betweentherevenue fromthesaleof petroleumproductsandthecostoftherawmaterialsusedto producetheproducts. Source:Indianrefineries-publishedresults/informationprovidedbyoilcompanies;Singapore- Reuters",,,,,,,
