Table 8.22 : Financial details of major oil companies,,,,,,,,,,
2024-25,,,,,,,,,,
Particulars,IOCL,BPCL,HPCL,ONGC,OIL,GAIL,MRPL,CPCL,NRL,RIL
(₹ Crore),,,,,,,,,,
Sales turnover,"8,40,842","4,98,869","4,64,247","1,37,361","21,545","1,36,960","1,09,239","71,050","25,144","5,57,163"
Profit Before Interest and Tax (PBIT),"24,614","19,553","12,932","51,364","8,717","15,569","1,122",453,"2,260","56,182"
Interest,"8,732","1,888","3,311","4,604",866,744,"1,008",245,45,"10,054"
Tax,"2,921","4,389","2,257","11,149","1,737","3,512",63,35,608,"10,866"
Profit After Tax (PAT),"12,962","13,275","7,365","35,610","6,114","11,312",51,174,"1,608","35,262"
Net worth,"1,78,677","80,960","45,958","3,16,284","45,435","70,564","12,934","7,939","16,069","5,43,087"
Borrowings (loan fund),"1,34,466","23,278","63,323","8,408","12,074","13,577","12,867","3,100","13,434","1,98,813"
Ratios,,,,,,,,,,
PAT as % of turnover (net sales),0,0,0,0,0,0,0,0,0,0
Debt (loan fund) to equity ratio,1,0,1,0,0,0,1,0,1,0
Earnings Per Share (EPS),9,31,35,28,38,17,0,12,10,26
2024-25 (Apr-Jun),,,,,,,,,,
Particulars,IOCL,BPCL,HPCL,ONGC,OIL,GAIL,MRPL,CPCL,NRL,RIL
(₹ Crore),,,,,,,,,,
Sales turnover,214889,127713,120359,35144,5714,33627,27285,20361,6465,134331
Profit Before Interest and Tax (PBIT),5413,4475,1202,13138,2172,3851,315,517,603,13109
Interest,1960,443,731,1182,197,209,214,48,7,2963
Tax,810,1017,115,3018,508,918,35,127,165,2535
Profit After Tax (PAT),2643,3015,356,8938,1467,2724,66,343,431,7611
Net worth,181069,78054,41677,315594,45470,67185,13316,8934,14357,475972
Borrowings (loan fund),115847,15210,57405,5235,11330,16565,11831,4361,9523,NA
Ratios,,,,,,,,,,
PAT as % of turnover (net sales),1.23%,2.36%,0.30%,25.43%,25.67%,8.10%,0.24%,1.68%,6.66%,5.67%
Debt (loan fund) to equity ratio,0.64,0.19,1.38,0.02,0.25,0.25,0.89,0.49,0.66,1.02
Earnings Per Share (EPS),1.92,7.06,1.67,7.10,9.02,4.14,0.37,23.01,2.78,5.62
NA = Not available Source: Published results/ information provided by oil companies,,,,,,,,,,
2025-26 (Apr-Jun),,,,,,,,,,
Particulars,IOCL,BPCL,HPCL,ONGC,OIL,GAIL,MRPL,CPCL,NRL,RIL
(₹ Crore),,,,,,,,,,
Sales turnover,"2,17,424","1,29,160","1,19,580","31,890","4,855","34,735","20,983","18,683","6,280","1,21,369"
Profit Before Interest and Tax (PBIT),"9,378","8,530","6,575","11,865","1,251","2,743",(146),(43),657,"22,500"
Interest,"1,973",374,749,"1,121",153,209,257,37,4,"2,194"
Tax,"1,716","2,033","1,455","2,720",284,647,(131),(23),165,"2,402"
Profit After Tax (PAT),"5,689","6,124","4,371","8,024",813,"1,886",(272),(57),488,"17,904"
Net worth,"1,84,695","87,377","50,497","3,27,841","47,480","72,241","12,657",149,"17,350","5,14,794"
Borrowings (loan fund),"1,21,546.7","10,709.0","50,995.4","5,248.9","12,050.4","15,211.4","13,608.7","3,965.8","14,070.2",NA
Ratios,,,,,,,,,,
PAT as % of turnover (net sales),2.62%,4.74%,3.66%,25.16%,16.75%,5.43%,-1.30%,-0.30%,7.77%,14.75%
Debt (loan fund) to equity ratio,0.66,0.12,1.01,0.02,0.25,0.21,1.08,26.63,0.81,4.66
Earnings Per Share (EPS),4.13,14.33,PP2A0C.5 4R ea,dy R6.e3c8k on,er5 .00,2.87,(1.55),(3.80),3.10,13.23
NA = Not available 111 Source: Published results/ information provided by oil companies,,,,,,,,,,
