Table3.9:LNGTerminals(Operational),,,,,,,,
Location,Promoters,,,Capacityason 01.10.2025(InMMTPA),,PercentageCapacity utilisation(2025-26)(H1)#,,
Dahej,PetronetLNGLtd(PLL),,,17.5,,91.8,,
Hazira,ShellEnergyIndia Pvt.Ltd.,,,5.2,,33.9,,
Dabhol*,KonkanLNGLimited,,,5.0,,34.6,,
Kochi,PetronetLNGLtd(PLL),,,5.0,,23.1,,
Ennore,IndianOilLNGPvtLtd,,,5.0,,26.1,,
Mundra,GSPCLNG Limited,,,5.0,,17.2,,
Dhamra,AdaniTotal PrivateLimited,,,5.0,,36.6,,
Chhara,HPCLLNGLimited,,,5.0,,4.8,,
TotalCapacity,,,,52.7,,,,
"*OnlyHPstreamofcapacityof2.9MMTPA iscommissioned. SourceLNGterminaloperatingentities,#Figuresareindicativeonly basedontheinputssubmittedby LNGterminalsforApr-Aug 2025",,,,,,,,
Table3.10: Importof LiquefiedNaturalGas (LNG),,,,,,,,
LNGimportquantity/value,,,,,,,,
FinancialYear,,MMT,MMSCM,,MMBtu,,Value(Mn. USD),USD/ MMBtu
2017-18,,20.7,"27,439",,"1,088,847,280",,"8,051",7.4
2018-19,,21.7,"28,740",,"1,140,494,327",,"10,253",9.0
2019-20,,25.6,"33,886",,"1,344,684,149",,"9,489",7.1
2020-21,,25.1,"33,198",,"1,317,369,257",,"7,881",6.0
2021-22,,23.4,"31,028",,"1,231,252,501",,"13,472",10.9
2022-23,,19.9,"26,304",,"1,043,825,872",,"17,114",16.4
2023-24,,24.0,"31,795",,"1,246,577,334",,"13,405",10.8
2024-25,,27.0,"35,720",,"1,400,466,776",,"14,908",10.6
2024-25(H1),,14.3,"19,008",,"745,227,584",,"7,640",10.3
2025-26(H1),,12.8,"16,906",,"662,820,442",,"6,808",10.3
Source: LNGimporting companies&DGCIS. Importdatamayhave somevariationswithDGCISdataonLNG imports. LNGImportdataforAug'25andSept'25pro-rated. P:provisional;H1-Apr'25toSept'25 ConversionofMMSCMtoMMBtuis based on approximation of1MillionBTU(MMBTU)=25.2SCM.(@10000 Kcal/SCM;1 MMBtu=252000Kcal),,,,,,,,
