Table 8.2 : Price built-up of PDS Kerosene at Mumbai,,
Elements,Unit,As on 01.10.2025
Price before taxes and dealers' commission,₹ / litre,53.60
Add : Dealers' commission,₹ / litre,2.65
Add : GST (incl GST on dealers' commission),₹ / litre,2.81
Retail selling price,₹ / litre,59.06
-As per IOCL,,
Table 8.3 : Price built-up of Domestic LPG at Delhi,,
Elements,Unit,As on 01.10.2025
Price before taxes and distributors' commission,₹ / 14.2 kg cylinder,739.30
Add : Distributors' commission,₹ / 14.2 kg cylinder,73.08
Add : GST (including GST on distributors' commission),₹ / 14.2 kg cylinder,40.62
Retail selling price,₹ / 14.2 kg cylinder,853.00
-As per IOCL,,
Table 8.4 : Price built-up of Petrol at Delhi,,
Elements,Unit,As on 01.10.2025
Price charged to dealers (excluding excise duty and VAT),₹ / litre,53.07
Add : Excise duty,₹ / litre,21.90
Add : Dealers' commission (average),₹ / litre,4.40
Add : VAT (including VAT on dealers' commission),₹ / litre,15.40
Retail selling price,₹ / litre,94.77
-As per IOCL,,
