Table 8.18 : Contribution of petroleum sector to exchequer,,,,,,,,
(₹ Crore),,,,,,,,
Particulars,,,2020-21,2021-22,2022-23,2023-24,2024-25,
1.Contribution to Central exchequer,,,,,,,,
A.,Tax/ duties on crude oil & petroleum products,,,,,,,
,Cess on crude oil,,"10,676.31","19,213.62","21,444.67","19,580.39",,"18,559.11"
,Royalty on crude oil / natural gas,,"3,589.83","5,638.72","9,821.91","9,286.20",,"9,195.23"
,Customs duty,,"13,514.17","11,423.44","14,985.27","13,133.73",,"14,336.97"
,NCCD on Crude Oil,,"1,016.43","1,120.94","1,192.40","1,190.92",,"1,196.60"
,Excise duty,,"3,72,969.96","3,63,305.01","2,87,575.34","2,73,683.88",,"2,71,528.89"
,Service tax,,0.25,-,-,-,,-
,IGST,,"11,594.12","19,726.27","22,235.79","20,929.70",,"19,065.29"
,CGST,,"6,157.66","10,843.27","13,011.64","12,230.12",,"10,653.42"
,Others,,365.23,337.63,59.45,51.50,,45.88
,Sub total (A),,"4,19,883.96","4,31,608.90","3,70,326.47","3,50,086.44",,"3,44,581.39"
B.,Dividend to Government/ income tax etc.,,,,,,,
,Corporate/ income tax,,"21,908.93","29,219.33","33,291.83","57,493.30",,"43,182.20"
,Dividend income to Central Government,,"10,392.67","22,612.21","15,672.70","19,309.67",,"22,095.40"
,Dividend distribution tax,,-,-,-,-,,-
,Profit petroleum on exploration of oil/ gas*,,"2,883.47","8,862.09","8,776.12","5,504.68",,"5,322.36"
,Sub total (B),,"35,185.07","60,693.63","57,740.65","82,307.65",,"70,599.96"
Total contribution to Central exchequer (A+B),,,"4,55,069.03","4,92,302.53","4,28,067.12","4,32,394.09",,"4,15,181.35"
2.Contribution to State exchequer,,,,,,,,
C.,Tax/ duties on crude oil & petroleum products,,,,,,,
,Royalty on crude oil / natural gas,,"7,178.61","13,525.53","17,914.25","12,529.50",,"11,581.99"
,Sales tax/ VAT,,"2,02,937.08","2,56,247.95","2,88,086.19",292716.41,,"3,02,058.52"
,SGST/UTGST,,"6,120.90","11,016.88","13,187.61","12,288.56",,"10,792.07"
,Octroi/ duties (incl. electricity duty),,705.89,826.81,829.85,687.31,,620.00
,Entry tax / others,,328.70,354.48,293.00,301.47,,452.42
,Sub total (C),,"2,17,271.18","2,81,971.65","3,20,310.90","3,18,523.25",,"3,25,505.00"
D.,Dividend to Government/ direct tax etc.,,,,,,,
,Dividend income to State Government,,378.55,150.84,340.24,238.54,,78.53
,Sub total (D),,378.55,150.84,340.24,238.54,,78.53
Total contribution to State exchequer (C+D),,,"2,17,649.73","2,82,122.49","3,20,651.14","3,18,761.79",,"3,25,583.53"
Total contribution of petroleum sector to exchequer (1+2),,,"6,72,718.76","7,74,425.02","7,48,718.26","7,51,155.88",,"7,40,764.88"
Source: Based on data provided by 15 oil & gas companies,,,,,,,,
Note: Totals may not tally due to round off,,,,,,,,
• as provided by MOP&NG. PPAC Ready Reckoner 107,,,,,,,,
