Table3.7:CNGSalesinIndia,,,,,,,,,,
(SalesinTMT)#,,,,,,,,,,
State(s)/UnionTerritory,Companyname,No.of companie s(as on 30.09.2025),2019-20,2020-21,2021-22,2022-23,2023-24,2024-25,2024-25 (April-Sep),2025-26 (April-Sep)
Maharashtra,"Adani TotalGasLimited,Bharat Petroleum Corporation Limited,Gujarat Gas Limited,HCG Nagpur Private Limited,HPOILGas Private Limited,IMC Limited,Indian Oil CorporationLimited,MahanagarGas Limited,Maharashtra NaturalGas Limited,MeghaCityGas Distribution Private Limited,Torrent GasPrivate Limited,Unison Enviro Private Limited",12,738,504,812,1022,1130,1311,635,726
Maharashtra& Gujarat,MaharashtraNatural Gas Limited,1,0,1.4,5.6,19,23,31,15,19
Maharashtraand Madhya Pradesh,AdaniTotalGasLimited,1,0,0,0,0,0,5,2,4
Odisha,"Adani TotalGasLimited,Bharat Petroleum Corporation Limited,GAIL (India) Limited,GAIL Gas Limited,Megha City GasDistributionPrivateLimited",5,3,2,4,6.9,12,20,9,13
Puducherry (UT)& Tamil Nadu,TorrentGasPrivateLimited,1,0,0.001,0.04,0.18,0.13,1.10,1,1
Puducherry (UT),EastCoastNaturalGasPrivateLimited,1,0,0.000,0.00,0.01,0.35,0.28,0,0
Punjab,"Adani TotalGasLimited,Bharat Petroleum Corporation Limited,GujaratGasLimited,Indian OilCorporation Limited,IRMEnergy PrivateLimited,MeghaCityGas DistributionPrivate Limited,Think Gas LudhianaPrivate Limited,TorrentGas PrivateLimited",8,7,14,43,61,66,80,38,44
Punjab&Rajasthan,Bharat PetroleumCorporation Limited,1,0,0,0,0,0,2.69,1,2
Rajasthan,"Adani TotalGasLimited,AGPCGDIndia Private Limited,Dholpur CGDPrivate Limited,Gasonet Services(RJ) Limited,GujaratGasLimited,Haryana CityGas Distribution (Bhiwadi) Limited,HindustanPetroleum Corporation Limited,IndianOil CorporationLimited,Indraprastha Gas Limited,RajasthanStateGas Limited,TorrentGasJaipur Private Limited,TorrentGas Private Limited",12,9,15,47,94,134,195,88,131
TamilNadu,"Adani TotalGasLimited,AGPCGDIndia Private Limited,BharatPetroleum Corporation Limited,IndianOil CorporationLimited,IRMEnergyPrivate Limited,MeghaCity GasDistribution PrivateLimited,Torrent GasChennai PrivateLimited",7,0,0.004,2,23,60,122,54,88
Telangana*,"BhagyanagarGasLimited,Indian Oil Corporation Limited,Maharashtra NaturalGas Limited,MeghaCityGas DistributionPrivateLimited,Torrent GasPrivateLimited",5,13,9,33,68,64,94,43,62
Telangana& Karnataka,Megha CityGasDistributionPrivate Limited,1,0,0,0,0.16,1,3,1,2
Tripura,"TripuraNaturalGasCompany Limited,NorthEastGas DistributionCompanyLimited",2,16,18,20,24,26,28,13,15
UTofJammuand Kashmir,IndianOil Corporation Limited,1,0,0,0,0,0,0.28,0.13,0.18
UttarPradesh,"Adani Total Gas Limited,BagpatGreen Energy Private Limited,Bharat PetroleumCorporationLimited,Central UP Gas Limited,GAIL(India) Limited,GAILGas Limited,Green Gas Limited,HindustanPetroleum Corporation Limited,Indian-OilAdani GasPrivateLimited,Indraprastha Gas Limited,MeghaCity GasDistribution Private Limited,TorrentGas Private Limited",12,392,339,545,670,769,931,444,518
UttarPradesh& Uttarakhand,HindustanPetroleum Corporation Limited,1,0,0.359,2,3.5,6,8,4,5
UttarPradesh& Madhya Pradesh,AdaniTotalGasLimited,1,0.001,0.402,8,4.9,8,11,5,6
UttarPradesh& Rajasthan,GAILGasLimited,1,0,0,0,36,40,45,21,24
Uttarakhand,"GAIL GasLimited,GasonetServices (UK)Limited,Haridwar NaturalGas PrivateLimited,Indian-OilAdaniGas Private Limited",4,1,5,12,18,20,26,13,29 15
