Table 5.3 :Existing Major POL Pipelines in India,,,,,,
Typeof Pipeline,Nameofthepipeline,Owner,Length(KM),Capacity (MMT),Throughput (MMT),Percentage utilisation during
,,,01.10.2025,01.10.2025,2025-26(H1),2025-26(H1)
PetroleumProductsPipelines,,,,,,
Onshore,Barauni-Kanpurpipeline,IOCL,1227,5.5,2.3,84.7
Onshore,Guwahati-Siliguripipeline,,435,1.4,1.0,142.6
Onshore,Haldia-Baraunipipeline,,526,1.3,0.9,141.0
Onshore,Haldia-Mourigram-Rajbandhpipeline,,277,1.4,1.1,159.3
Onshore,Koyali-Ahmedabadpipeline,,79,1.1,0.4,78.5
Onshore,Koyali-Jaipur-Panipat pipeline,,1644,5.0,1.9,74.9
Onshore,Koyali-Ratlampipeline,,265,2.0,0.4,35.0
Onshore,Koyali-Dahejpipeline,,197,2.6,0.3,24.7
Onshore,Mathura-Agra-Gawriapipeline,,311,4.0,0.9,44.6
Onshore,Mathura-Bharatpurpipeline,,21,1.2,0.1,17.6
Onshore,Mathura-Delhipipeline,,147,3.7,1.2,63.8
Onshore,Panipat-Amabala-Jalandhar(Including Kurukshetra-Roorkee-Najibabadbranchline),,495,3.5,1.6,91.5
Onshore,Panipat-Delhi(IncludingSonepat-Meerutbranch line) pipeline,,189,3.0,0.1,6.0
Onshore,PanipatBijwasanATFpipeline,,111,1.0,0.5,103.1
Onshore,Panipat-Bathindapipeline,,219,3.0,0.8,51.3
Onshore,Panipat-Rewaripipeline,,155,2.1,0.7,67.3
Onshore,Chennai-Trichy-Madurai pipeline,,683,3.9,1.4,73.7
Onshore,Chennai -Meenambakkam ATFpipeline,,95,0.2,0.1,152.0
Onshore,Chennai-Bengalurupipeline,,290,2.5,1.2,95.5
Onshore,Devangonthi-Devanhallipipeline,,36,0.7,0.4,115.3
Onshore,ParadipRaipurRanchipipeline(PRRPL),,1073,5.0,2.2,89.2
Onshore,KolkataATFPipeline,,27,0.2,0.1,96.0
Onshore,LucknowATFPipeline,,6,0.2,0.0,36.5
Onshore,ParadipHyderabadPipeline(2),,1219,4.5,1.1,49.1
Onshore,Paradip-Somnathpur-HaldiaPipeline,,341,4.6,0.2,7.0
Onshore,Koyali-Ahmednagar-SolapurPipeline,,752,5.0,0.8,31.0
Onshore,"18""HBPL(Haldia-Barauni)ConversionProject",,519,3.4,0.3,-
Onshore,BhubaneshwarATFPipeline(1),,15,0.1,0.0,-
,,Sub total IOCL,11354,71.9,21.9,61.0
Onshore,Mumbai-Manmad-Bijwasanpipeline(MMBPL),BPCL,1392,6.0,4.0,134.0
Onshore,Kota-Jobnerbranchpipeline(1),,211,1.7,0.1,13.9
Onshore,Bina-Kotapipeline(BKPL),,259,4.4,1.3,57.7
Onshore,BinaPankiPipeline,,356,3.5,0.9,53.5
Onshore,ATFP/LMumbaiRefinery(MR)-Santacruz,,15,1.0,0.3,69.8
Onshore,ATFP/LKochiRefinery(KR)-KochiAirport,,34,0.6,0.3,101.0
Onshore,MumbaiRefinery-WadilubePipeline,,12,1.3,0.1,22.3
Onshore,Cochin-Coimbatore-Karur(CCK)pipeline(2),,293,3.3,2.1,129.1
,,Subtotal BPCL,2572,21.8,9.2,84.0
Onshore,Mumbai-Pune-Solapurpipeline,,508,4.3,1.7,77.7
Onshore,Vizag-Vijaywada-Secunderabadpipeline(5),,572,7.7,3.1,80.7
Onshore,VijaywadaDharmapuri(VDPL)Pipeline,,697,,,
Onshore,Mundra-Delhipipeline(1),,1054,6.9,2.3,65.6
Onshore,Awa-Salawaspipeline,,93,,,
Onshore,Palanpur-VadodaraPipeline,,235,,,
