Table 8.1 : Indian Basket Crude Oil Price,
Year,Indian basket
,($/bbl)
2002-03,26.60
2003-04,27.98
2004-05,39.21
2005-06,55.72
2006-07,62.46
2007-08,79.25
2008-09,83.57
2009-10,69.76
2010-11,85.09
2011-12,111.89
2012-13,107.97
2013-14,105.52
2014-15,84.16
2015-16,46.17
2016-17,47.56
2017-18,56.43
2018-19,69.88
2019-20,60.47
2020-21,44.82
2021-22,79.18
2022-23,93.15
2023-24,82.58
2024-25,78.56
2025 : Month wise,
January,80.20
February,77.33
March,72.47
April,67.72
May,64.04
June,69.77
July,70.95
August,69.11
September,69.61
Notes:,
1. The Indian basket of crude oil for the year 2025-26 & subsequent period is calculated based on a weightage of 78.71% for the price of sour grades of crude oil (average of Oman & Dubai) and 21.29% sweetgradeofcrudeoil(BrentDated).Thepercentagesof78.71and21.29wasbasedontheratiooflow sulphurandhighsulphurcrudeoilprocessed(indigenousandimported)byalltheIndianrefineries(PSU andPvt.).,
