Table 8.24 : Quantity and value of Indian crude oil imports,,,,,
Year,Quantity (MMT),Quantity (Million Bbl),$ Million,Rs. Crore,$/bbl(approx)
2018-19,226.5,1660.2,"1,11,915","7,83,183",67.41
2019-20,227.0,1663.6,"1,01,376","7,17,001",60.94
2020-21,196.5,1440.1,"62,248","4,59,779",43.23
2021-22,212.4,1556.8,"1,20,675","9,01,262",77.52
2022-23,232.7,1705.7,"1,57,531","12,60,372",92.36
2023-24,234.3,1717.1,"1,33,366","11,05,176",77.67
2024-25,243.2,1782.8,"1,37,174","11,60,618",76.94
2024-25 (H1),120.7,884.4,"71,167","5,95,412",80.47
2025-26 (H1),121.1,887.3,"60,616","5,24,488",68.31
Conversion factor taken 1 MT = 7.33 bbl,,,,,
