Table 2.6 : Self sufficiency in petroleum products,,,,,,,,
(MMT),,,,,,,,
Particulars,2019-20,2020-21,2021-22,2022-23,2023-24,2024-25,2024-25 (H1),2025-26 (H1)
i)Indigenous crudeoil processing,29.3,28.0,27.0,26.5,26.9,26.5,13.2,13.1
ii)Total productionfrom indigenouscrude and condensate (a+b),32.1,30.3,29.3,28.2,28.5,28.4,14.1,13.9
a)Productsfrom indigeneous crude,27.3,26.1,25.2,24.7,25.1,24.7,12.3,12.2
b)Productsfrom fractionators,4.8,4.2,4.1,3.5,3.5,3.7,1.8,1.7
iii)Total domestic consumptio n,214.1,194.3,201.7,223.0,234.3,239.5,117.1,118.3
iv)Percentage (%)ofself sufficiency (ii/iii),15.0,15.6,14.5,12.6,12.2,11.9,12.1,11.8
Source:Oilcompanies Note: 1.Productionofpetroleumproducts fromindigenouscrude considered at93.3%ofindigenouscrude oilprocessing. PPAC Ready Reckoner 2.ThebalancedemandofpetroleumproductsismetthroughimportofcrudeoilandPOLproducts.,,,,,,,,
