Table6.5:PDSSKOallocationv/ssales,,,,,,,,,,,,
(TKL),,,,,,,,,,,,
State/UT,2021-22,,2022-23,,2023-24,,2024-25,,2024-25(H1),,2025-26(H1),
,Allocn,Sales,Allocn,Sales,Allocn,Sales,Allocn,Sales,Allocn,Sales,Allocn,Sales
Chandigarh,0.0,0.0,0.0,0.00,0.0,0.0,0.0,0.0,0.0,0.0,0.0,0.0
Delhi,0.0,0.0,0.0,0.00,0.0,0.0,0.0,0.0,0.0,0.0,0.0,0.0
Haryana,0.0,0.0,0.0,0.00,0.0,0.0,0.0,0.0,0.0,0.0,0.0,0.0
HimachalPradesh,6.9,2.3,4.0,0.12,2.0,0.0,0.048,0.024,0.0,0.0,0.0,0.0
Jammu&Kashmir,38.3,29.2,30.6,0.76,15.3,0.0,0.0,0.0,0.0,0.0,0.0,0.0
Ladakh,3.5,3.3,2.8,0.63,1.4,0.0,0.0,0.0,0.0,0.0,0.0,0.0
Punjab,0.0,0.0,0.0,0.00,0.0,0.0,0.0,0.0,0.0,0.0,0.0,0.0
Rajasthan,0.0,0.0,0.0,0.00,0.0,0.0,0.0,0.0,0.0,0.0,0.0,0.0
UttarPradesh,0.0,0.0,0.0,0.00,0.0,0.0,0.0,0.0,0.0,0.0,0.3,0.0
Uttarakhand,0.7,0.0,0.1,0.00,0.0,0.0,0.0,0.0,0.0,0.0,0.0,0.0
SUBTOTALNORTH,49.3,34.9,37.6,1.5,18.7,0.0,0.048,0.024,0.024,0.000,0.276,0.000
Andaman &NicobarIslands,0.0,0.0,0.0,0,0,0,0.0,0.0,0.0,0.0,0.0,0.0
Bihar,170.2,169.8,127.6,48.4,63.8,24.7,25.5,7.4,12.8,3.9,24.2,3.7
Jharkhand,72.0,68.9,54.0,18.9,27.0,10.6,10.8,3.8,5.4,1.8,9.5,2.1
Odisha,155.4,150.3,116.5,28.7,51.9,19.3,19.8,6.9,9.9,3.2,14.3,3.8
WestBengal,704.0,689.7,462.7,171.5,615.3,248.3,309.1,242.0,191.2,128.4,124.2,119.0
SUBTOTALEAST,1101.6,1078.6,760.9,267.5,758.0,302.9,365.2,260.2,219.2,137.3,172.2,128.6
ArunachalPradesh,3.3,2.9,3.0,0.2,2.1,0.0,0.0,0.037,0.0,0.0,0.1,0.0
Assam,124.5,117.3,99.6,12.7,49.8,10.3,10.8,5.1,5.4,2.4,4.5,2.2
Manipur,10.0,10.0,9.0,2.6,4.5,2.7,1.8,1.8,0.9,0.9,1.3,1.3
Meghalaya,17.0,16.0,15.3,2.5,10.7,3.0,3.1,1.9,1.5,0.8,1.5,1.0
Mizoram,2.9,2.7,2.6,0.1,1.3,0.1,0.1,0.11,0.1,0.1,0.1,0.0
Nagaland,7.7,7.7,7.0,1.1,4.8,1.0,1.0,0.0,0.5,0.0,0.0,0.0
Sikkim,22.7,22.5,1.8,0.2,0.9,0.2,0.2,0.036,0.1,0.0,0.1,0.0
Tripura,2.0,2.0,20.4,8.4,14.3,9.1,5.7,5.0,2.9,2.5,4.6,3.0
SUBTOTALNORTHEAST,190.0,181.0,158.6,27.9,88.3,26.5,22.8,14.0,11.4,6.6,12.2,7.6
Chhattisgarh,46.6,43.9,34.9,9.7,16.6,6.3,6.6,3.5,3.3,1.8,4.8,1.9
Dadra&NagarHaveli and Daman&Diu,0.0,0.0,0.0,0.0,0.0,0.0,0.0,0.0,0.0,0.0,0.0,0.0
Goa,0.3,0.3,0.2,0.0,0.0,0.0,0.0,0.0,0.0,0.0,0.0,0.0
Gujarat,55.8,53.7,25.1,6.0,0.0,0.0,0.0,0.0,0.0,0.0,0.0,0.0
MadhyaPradesh,160.0,116.8,120.0,3.4,32.9,0.4,0.4,0.012,0.2,0.0,0.0,0.0
Maharashtra,27.9,15.6,16.8,3.9,7.5,1.8,2.0,1.0,1.0,0.7,2.0,0.1
SUBTOTALWEST,290.7,230.2,197.0,23.0,56.9,8.6,9.1,4.5,4.5,2.5,6.8,2.0
AndhraPradesh,0.0,0.0,0.0,0.0,0.0,0.0,0.0,0.0,0.0,0.0,0.0,0.0
Karnataka,5.0,0.4,17.9,6.3,8.8,5.2,3.6,3.3,1.8,1.7,7.1,5.5
Kerala,29.8,17.8,15.6,15.6,7.8,7.7,3.1,0.19,1.6,0.1,11.4,6.5
Lakshadweep,25.9,25.9,0.4,0.0,0.3,0.0,0.0,0.0,0.0,0.0,0.0,0.0
Puducherry,0.6,0.6,0.0,0.0,0.0,0.0,0.0,0.0,0.0,0.0,0.0,0.0
TamilNadu,0.0,0.0,54.2,54.2,32.5,32.5,13.0,13.0,6.5,6.5,27.1,21.9
Telengana,90.4,90.4,1.5,0.0,0.4,0.0,0.0,0.0,0.0,0.0,0.0,0.0
SUBTOTALSOUTH,151.7,135.1,89.6,76.1,49.8,45.5,19.7,16.5,9.8,8.3,45.6,33.9
AllIndia,1783.3,1659.9,1243.6,396.1,971.8,383.5,416.8,295.3,245.0,154.8,237.1,172.1
Allocn=Allocation Source:MoP&NG,,,,,,,,,,,,
"InFY2025-26(H1),18States&UTshaveNILallocationandupliftmentofKerosene. Onall-Indiabasis,thedropinallocationinthelastfiveyears(on6monthbasis)hasbeen87%duetovoluntary surrenderofPDSSKOallocationbysomeofthestatesin addition toNilPDSSKOallocationtotheabovestates.TheallocationdrophasbeensteepestintheNorthernregion(99.4%)followedbyWesternregion(97.7%), Northeasternregion(94%) Easternregion(85%)&Southernregion(70%). OveralllapsequotaofPDSSKOonsubsidizedratefor theFY 2025-26(H1)was27%",,,,,,,,,,,,
