Table 8.17 : Actual rate of sales tax/ VAT/GST and other taxes levied by State/UT Governments on major petroleum products as on 01.10.2025,,,,,,
Sl.no.,State/Union Territory,Petrol,,Diesel,PDS kerosene,Domestic LPG
,,Sales Tax /VAT,,,GST,
1,Andaman & Nicobar Islands,1%,1%,,5%,5%
2,Andhra Pradesh,31% VAT + Rs.4/litreVAT+Rs.1/litreRoad Development Cessand Vat thereon,22.25% VAT + Rs.4/litre VAT+Rs.1/litre Road Development Cess and Vat thereon,,,
3,Arunachal Pradesh,14.50%,7.00%,,,
4,Assam,24.77% or Rs.18.80 per litre whichever is higher,22.19% OR Rs. 14.60 per litrewhichever is higher Rebate of Rs. 1.50 per litresubject to minimum tax of Rs. 14.60 per litre,,,
5,Bihar,23.58% or Rs 16.65/Litre whichever is higher (30% Surcharge on VAT as irrecoverable tax),16.37% or Rs 12.33/Litre whichever is higher (30% Surcharge on VAT as irrecoverable tax),,,
6,Chandigarh,Rs.10/KL cess +15.24% or Rs 12.42 per liter which ever is higher,Rs.10/KL cess+ 6.66% or Rs5.07 per liter which ever is higher,,,
7,Chhattisgarh,24% VAT + Rs.1/litre VAT,23% VAT + Rs.1/litre VAT,,,
8,Dadra & Nagar Haveli and Daman & Diu,12.75% VAT,13.50% VAT,,,
9,Delhi,19.40% VAT,Rs.250/KL air ambiencecharges + 16.75% VAT,,,
10,Goa,21.5% VAT + 0.5% Green cess,17.5% VAT + 0.5% Green cess,,,
11,Gujarat,13.7% VAT+ 4% Cess on Town Rate & VAT,14.9% VAT + 4 % Cess on Town Rate & VAT,,,
12,Haryana,18.20% or Rs.14.50/litre whichever is higher as VAT+5% additional tax on VAT,16% VAT or Rs.11.86/litrewhichever is higher as VAT+5% additional tax on VAT,,,
13,Himachal Pradesh,17.50% or Rs 13.50/Litre-whichever is higher,13.90% or Rs 10.40/Litre-whichever is higher,,,
14,Jammu & Kashmir,"24% MST+ Rs.2/Litre employment cess, Reduction of Rs.3.50/Litre","16% MST+ Rs.1.00/Litre employment cess, Reduction of Rs.4.50/Litre",,,
15,Jharkhand,"22% on the sale price or Rs. 17.00 per litre , which ever is higher + Cess of Rs 1.00 per Ltr","22% on the sale price or Rs. 12.50 per litre , which ever is higher + Cess of Rs 1.00 per Ltr",,,
16,Karnataka,29.84% sales tax,21.17% sales tax,,,
17,Kerala,"30.08% sales tax+ Rs.1/litre additional sales tax + 1% cess , Social security cess Rs.2 per litre","22.76% sales tax+ Rs.1/litre additional sales tax + 1% cess , Social security cess Rs.2 per litre",,,
18,Ladakh,"15% MST+ Rs.5/Litre employment cess, Reduction of Rs.2.5/Litre","6% MST+ Rs.1/Litre employment cess , Reduction of Rs.0.50/Litre",,,
19,Lakshadweep,10% VAT,10% VAT,,,
20,Madhya Pradesh,29 % VAT + Rs.2.5/litre VAT+1%Cess,19% VAT+ Rs.1.50/litre VAT+1% Cess,,,
21,"Maharashtra –Mumbai, Thane , Navi Mumbai, & Aurangabad",25% VAT+ Rs.5.12/Litre additional tax,21% VAT,,,
22,Maharashtra (Rest of State),25% VAT+ Rs.5.12/Litre additional tax,21% VAT,,,
23,Manipur,25% VAT,13.50% VAT,,,
24,Meghalaya,13.50% or Rs13.50/Litre-whichever is higher (Rs.0.10/Litre pollution surcharge),5% or Rs 9.50/Litre-whichever is higher (Rs.0.10/Litre pollution surcharge),,,
25,Mizoram,"18%, Social Infrastructure and Services Cess Rs 2000/KL, Road Maintenance Cess Rs 2000/KL","10%, Social Infrastructure and Services Cess Rs 2000/KL, Road Maintenance Cess Rs 2000/KL",,,
26,Nagaland,21.75% VAT or Rs. 16.94/litre whichever is higher,17.20% VAT or Rs. 12.83/litre whichever is higher,,,
27,Odisha,28% VAT,24% VAT,,,
28,Puducherry,14.55% VAT,8.65% VAT,,,
29,Punjab,Rs.2050/KL (cess)+ Rs.0.10 per Litre (Urban Transport Fund) + 0.25 per Litre (Special Infrastructure Development Fee)+16.58% VAT plus 10% additional tax or Rs.14.93/Litre whichever is higher,Rs.1050/KL (cess) + Rs.0.10 per Litre(Urban Transport Fund) +0.25 per Litre(Special Infrastructure Development Fee) + 13.1% VAT plus 10% additional tax and or Rs.10.94/Litre whichever is higher,,,
30,Rajasthan,29.04% VAT+Rs 1500/KL road development cess,17.30% VAT+ Rs.1750/KL road development cess,,,
31,Sikkim,22% VAT+ Rs.4000/KL cess,12% VAT + Rs.3500/KL cess,,,
32,Tamil Nadu,13% + Rs.11.52 per litre,11%+Rs.9.62 per litre,,,
33,Telangana,35.20% VAT,27% VAT,,,
34,Tripura,17.50% VAT+ 3% Tripura Road Development Cess,10.00% VAT+ 3% Tripura Road Development Cess,,,
35,Uttar Pradesh,19.36% or Rs 14.85/Litre whichever is higher,17.08% or Rs 10.41/Litrewhichever is higher,,,
36,Uttarakhand,16.97% or Rs 13.14 Per Ltr whichever is greater,17.15% or Rs Rs10.41 Per Ltrwhichever is greater,,,
37,West Bengal,25% or Rs.13.12/litre whichever is higher as sales tax+ Rs.1000/KL cess(20% Additional tax on VAT as irrecoverable tax),17% or Rs.7.70/litrewhichever is higher as sales tax + Rs 1000/KL cess(20% Additional tax on VAT as irrecoverable tax),,,
Source:IOCL,,,,,,
Note:,,PPAC Ready R,eckoner,,,
"For Petrol & Diesel, VAT/Sales Tax at applicable rates is also levied on Dealer’s commission in Delhi, Gujarat, Dadra & Nagar Haveli and Daman &Diu, Punjab, 10 Haryana, Madhya Pradesh, Rajasthan, Chandigarh, Puducherry, Andaman & Nikobar, Meghalaya & Lakshadweep.",,,,,,
