Table 7.2 : State-wise Active Domestic LPG connections,,
(Number in lakhs),,
States/UT,01.10.2025,01.10.2024
CHANDIGARH,3.1,3.0
DELHI,56.4,56.4
HARYANA,82.8,81.7
HIMACHAL PRADESH,22.4,22.3
JAMMU & KASHMIR,35.5,35.3
LADAKH,1.0,1.0
PUNJAB,96.3,95.8
RAJASTHAN,183.8,183.1
UTTAR PRADESH,485.0,481.2
UTTARAKHAND,32.3,32.0
SUB TOTAL NORTH,998.7,991.7
ARUNACHAL PRADESH,3.4,3.3
ASSAM,92.0,91.7
MANIPUR,7.1,7.0
MEGHALAYA,5.2,5.2
MIZORAM,3.6,3.6
NAGALAND,3.9,3.8
SIKKIM,1.9,1.9
TRIPURA,8.5,8.4
SUB TOTAL NORTH EAST,125.6,124.8
ANDAMAN & NICOBAR ISLANDS,1.3,1.3
BIHAR,230.4,228.4
JHARKHAND,66.5,66.0
ODISHA,100.9,100.3
WEST BENGAL,272.0,270.5
SUB TOTAL EAST,671.1,666.5
CHHATTISGARH,63.4,63.1
DADRA & NAGAR HAVELI and DAMAN & DIU,1.7,1.7
GOA,5.8,5.7
GUJARAT,127.8,127.4
MADHYA PRADESH,175.3,174.7
MAHARASHTRA,318.7,315.5
SUB TOTAL WEST,692.8,688.2
ANDHRA PRADESH,159.9,157.4
KARNATAKA,189.6,187.3
KERALA,98.2,97.6
LAKSHADWEEP,0.1,0.1
PUDUCHERRY,4.1,4.1
TAMILNADU,238.4,236.2
TELANGANA,128.0,126.1
SUB TOTAL SOUTH,818.4,808.9
ALL INDIA,3306.6,3280.1
"Source: PSU OMCs (IOCL, BPCL and HPCL)",,
