Table 4.3 : Importedcrude & Indigenous crudeoil processing,,,,,,,,,,,,,,
(MMT),,,,,,,,,,,,,,
Sr. No.,Indigenous/ Imported crude,,,2020- 21,,2021-22,2022-23,,2023-24,,2024- 25,,2024-25 (H1),2025-26 (H1)
1,Importedcrude,,,193.8,,214.7,228.8,,234.7,,242.1,,119.1,120.9
2,Indigenouscrude,,,28.0,,27.0,26.5,,26.8,,26.5,,13.2,13.1
,Totalcrude,,,221.8,,241.7,255.2,,261.5,,268.6,,132.3,134.0
,Shareofimportedcrudein total crude processing,,,87.4%,,88.8%,89.6%,,89.7%,,90.1%,,90.0%,90.2%
Source:Oilcompanies,,,,,,,,,,,,,,
Table4.4:DomesticProductionofPetroleumProducts,,,,,,,,,,,,,,
(MMT),,,,,,,,,,,,,,
,,2020-21,2021-22,,2022-23,,,2023-24,,2024 -25,,2024-25 (H1),,2025-26 (H1)
A)Fromcrudeoil/refineries,,,,,,,,,,,,,,
Lightends,,83.0,89.3,,89.6,,,92.5,,98.4,,48.4,,49.7
ofwhich:LPG,,10.2,10.6,,11.2,,,11.1,,11.3,,5.5,,5.6
MS,,35.8,40.2,,42.8,,,45.1,,48.3,,23.3,,24.5
Naphtha,,18.4,19.0,,16.1,,,17.3,,17.3,,8.7,,8.8
Others,,18.6,19.5,,19.5,,,19.0,,21.5,,10.9,,10.8
Middledistillates,,115.4,125.4,,136.6,,,142.1,,143.9,,70.3,,70.7
ofwhich:SKO,,2.4,1.9,,0.9,,,1.0,,1.0,,0.5,,0.6
ATF,,7.1,10.3,,15.0,,,17.1,,17.8,,8.8,,8.3
HSD,,100.4,107.1,,113.7,,,115.9,,118.2,,57.6,,59.3
LDO,,0.7,0.8,,0.6,,,0.7,,0.6,,0.3,,0.4
Others,,4.8,5.3,,6.3,,,7.5,,6.3,,3.1,,2.2
Heavyends,,30.9,35.5,,36.8,,,38.0,,38.3,,19.4,,17.6
ofwhich:FO/LSHS,,7.4,8.9,,10.3,,,10.4,,10.8,,5.9,,5.2
LubeOil,,1.1,1.2,,1.4,,,1.4,,1.3,,0.6,,0.7
Bitumen,,4.9,5.1,,4.9,,,5.2,,5.3,,2.3,,2.2
RPC/Petc o,,12.0,15.5,,15.4,,,15.1,,15.0,,7.4,,7.1
Others,,5.5,4.8,,4.8,,,5.9,,5.9,,3.3,,2.5
Subtotal(A),,229.3,250.3,,263.0,,,272.6,,280.5,,138.1,,137.98
B)Fromnaturalgas/fractionators,,,,,,,,,,,,,,
Subtotal(B),,4.2,4.1,,3.5,,,3.5,,3.3,,1.8,,1.67
ofwhich:LPG,,1.9,1.6,,1.6,,,1.7,,1.5,,0.8,,0.7
Naphtha,,1.0,1.0,,1.0,,,1.0,,0.7,,0.5,,0.4
SKO,,0.03,0.02,,0.00,,,0.01,,0.00,,0.0,,0.0
ATF,,0.02,0.03,,0.05,,,0.04,,0.03,,0.0,,0.0
HSD,,0.06,0.05,,0.1,,,0.1,,0.0,,0.0,,0.0
Others,,1.3,1.3,,0.8,,,0.7,,1.1,,0.5,,0.5
Totalproduction (A +B),,233.5,254.3,,266.5,,,276.1,,283.8,,139.9,,139.6
Source:Oilcompanies 42,,,,,,,,,,,,,,
