Table 7.6 : State-wise PCC (Per Connection Consumption) of LPG,,,,,,
(No. of 14.2kg cylinder),,,,,,
State/UTs,FY 2024-25 (H1),,,H1 FY 2025-26 (H1),,
,PMUY,Non-PMUY,Total,PMUY,Non-PMUY,Total
Chandigarh,6.05,10.15,10.13,7.20,9.34,9.33
Delhi,6.67,8.85,8.75,7.37,8.75,8.69
Haryana,5.93,7.38,7.19,6.72,7.63,7.51
Himachal Pradesh,4.56,5.46,5.4,4.47,5.50,5.43
Jammu & Kashmir,3.65,4.83,4.4,4.12,4.59,4.42
Ladakh,4.17,8.08,7.64,5.69,6.82,6.69
Punjab,5.16,6.6,6.4,5.30,6.80,6.59
Rajasthan,4.81,6.37,5.74,5.18,6.53,5.99
Uttar Pradesh,4.82,6.39,5.78,5.43,6.59,6.15
Uttarakhand,4.88,7.18,6.8,5.25,7.30,6.97
Sub Total North,4.84,6.68,6.11,5.37,6.83,6.38
Arunachal Pradesh,4.26,6.49,6.12,4.16,6.59,6.20
Assam,3.19,5.46,4.19,3.66,5.47,4.47
Manipur,4.16,4.78,4.58,4.28,5.03,4.79
Meghalaya,2.56,7.71,4.46,3.03,7.08,4.62
Mizoram,4.96,6.74,6.56,5.39,6.44,6.33
Nagaland,3.69,6.81,5.79,4.58,5.89,5.47
Sikkim,4.26,7.22,6.9,5.14,7.18,6.97
Tripura,3.03,6.92,5.44,3.67,7.02,5.77
Sub Total North-East,3.22,5.81,4.52,3.69,5.78,4.75
Andaman & Nicobar Islands,6.28,7.19,7.09,5.27,7.40,7.18
Bihar,4.01,6.33,5.14,4.60,6.47,5.53
Jharkhand,3.08,6.27,4.38,3.90,6.48,4.97
Odisha,3.78,5.74,4.65,4.43,5.95,5.12
West Bengal,4.58,6,5.35,5.21,6.11,5.70
Sub Total East,4.08,6.1,5.08,4.72,6.24,5.48
Chhattisgarh,2.36,6.38,3.94,2.67,6.45,4.18
Dadra & Nagar Haveli and Daman & Diu,4.76,6.96,6.73,4.70,7.05,6.80
Goa,3.98,6.82,6.81,4.49,6.85,6.84
Gujarat,5.12,6.89,6.28,5.69,6.94,6.52
Madhya Pradesh,3.49,6.02,4.74,3.95,6.12,5.02
Maharashtra,4.93,6.75,6.45,5.54,6.94,6.71
Sub Total West,3.95,6.62,5.76,4.44,6.76,6.02
Andhra Pradesh,4.11,5.57,5.48,4.76,5.67,5.62
Karnataka,5.2,6.82,6.46,5.67,7.03,6.73
Kerala,4.33,6.79,6.69,4.83,6.98,6.89
Lakshadweep,3.16,4.33,4.3,4.26,5.37,5.34
Puducherry,6.83,6.89,6.88,7.11,7.00,7.01
Tamil Nadu,4.55,6.16,5.88,4.95,6.31,6.07
Telangana,3.56,5.72,5.52,3.84,5.86,5.68
Sub Total South,4.65,6.19,5.98,5.09,6.34,6.18
All India,4.28,PPAC Ready 6.40,Reckoner 5.73,4.83,6.55,6.01
