Table6.4(A):AllProductsAnnualIndustrySales-Region&Statewise (FiguresinTMT),,,,,,
STATE/UT,2021-22,2022-23,2023-24,2024-25,2024-25 (H1),2025-26 (H1)
REGION -NORTH,,,,,,
Chandigarh,369.5,414.8,467.9,544.8,278.9,256.3
Delhi,3405.0,4322.0,4516.1,4964.9,2467.0,2437.6
Haryana,10546.3,9453.7,10495.8,10770.2,5403.3,5361.6
HimachalPradesh,1924.1,2129.7,2043.3,1940.3,1011.6,926.6
Jammu&Kashmir,1500.0,1667.9,1776.3,1789.9,881.6,857.4
Ladakh,158.9,175.7,206.4,216.0,157.4,145.3
Punjab,6578.6,6559.8,6884.1,6650.7,3308.6,3229.3
Rajasthan,10242.3,10770.1,11256.7,11752.1,5660.1,5820.4
Uttar Pradesh,18791.1,19400.5,20574.7,21747.9,10405.5,11005.1
Uttarakhand,1619.1,1761.4,1870.2,1866.9,922.7,955.4
RegionTotal,55134.8,56655.6,60091.5,62243.8,30496.8,30995.0
Region-NorthEast,,,,,,
ArunachalPradesh,302.1,345.9,374.7,398.3,189.1,204.2
Assam,2923.1,3102.6,3197.1,3337.2,1598.1,1641.5
Manipur,254.0,313.9,249.9,267.3,120.3,141.2
Meghalaya,472.6,561.5,619.8,610.2,286.2,288.9
Mizoram,146.0,174.9,197.8,226.5,100.6,107.2
Nagaland,190.8,203.0,218.6,229.3,106.5,107.6
Sikkim,129.7,151.6,151.4,151.4,73.1,75.9
Tripura,237.3,249.3,268.8,280.9,130.2,136.2
RegionTotal,4655.6,5102.6,5278.0,5501.0,2604.1,2702.7
Region-East,,,,,,
Andaman & Nicobar,189.8,220.4,222.1,241.1,114.3,113.2
Bihar,5362.9,5571.7,5772.7,6014.7,2920.6,3168.8
Jharkhand,3245.8,3380.7,3605.6,3970.7,1869.5,2008.4
Odisha,6154.4,6642.7,7418.3,7456.9,3621.7,3747.9
WestBengal,8681.0,8896.6,9598.4,10152.3,4876.6,4996.1
RegionTotal,23633.9,24712.1,26617.1,27835.7,13402.6,14034.4
Region-West,,,,,,
Chhattisgarh,3598.2,4156.2,4285.5,4351.3,2045.3,2199.8
Dadra&NagarHaveliAndDaman&Diu,522.1,535.8,499.5,546.0,258.5,255.9
Goa,680.1,778.5,833.8,814.9,381.7,374.5
Gujarat,24220.7,25705.1,24646.2,26130.5,12619.8,13205.4
MadhyaPradesh,7533.9,8346.0,8796.7,9289.5,4409.8,4543.5
Maharashtra,19050.5,20950.7,22030.1,23088.0,11065.4,11483.3
RegionTotal,55605.6,60472.3,61091.9,64220.2,30780.5,32062.4
Region-South,,,,,,
AndhraPradesh,7552.6,8036.9,8163.1,8289.6,4003.6,4283.7
Karnataka,12479.3,15009.4,15421.0,15962.3,7787.8,7897.8
Kerala,5901.7,6879.1,6891.7,6939.7,3361.7,3522.5
Lakshadweep,17.6,18.1,21.5,24.7,11.3,10.6
Puducherry,531.4,820.2,859.8,878.6,439.6,449.2
TamilNadu,13067.7,14524.9,15491.2,15878.6,7903.9,8244.3
Telangana,6859.3,7287.8,7567.3,7612.9,3720.4,3841.7
RegionTotal,46409.5,52576.4,54415.6,55586.4,27228.3,28249.7
AllIndiaTotal*,201696.7,223008.3,234258.7,239221.5,117093.2,118295.7
Source:OilCompanies *Domesticsalesfiguresareincludingprivateimports&SEZsalesdata,,,,,,
