Table 6.9: Oil industry Alternate fuel infrastructureat retail outlets (as on 01.10.2025),,,,
State/UT,CNG_CBG_ LNG,EV CHARGING,AUTO LPG,RETAILOUTLETS WITHAT LEAST1 ALTERNATEFUEL
Chandigarh,13,16,4,30
Delhi,272,331,1,526
Haryana,480,1320,1,1608
HimachalPradesh,35,234,0,247
JammuandKashmir,3,232,2,218
Ladakh,0,25,0,23
Punjab,305,1181,6,1305
Rajasthan,439,2132,18,2320
UttarPradesh,1285,3232,26,4095
Uttarakhand,60,269,5,311
SUBTOTALNORTH,2892,8972,63,10683
Andaman&NicobarIslands,0,8,0,8
Bihar,234,765,0,942
Jharkhand,148,431,0,534
Odisha,168,780,1,848
WestBengal,210,1228,29,1284
SUBTOTALEAST,760,3212,30,3616
ArunachalPradesh,1,61,0,60
Assam,45,630,0,635
Manipur,0,71,0,71
Meghalaya,4,82,0,84
Mizoram,0,30,0,29
Nagaland,0,53,0,52
Sikkim,0,13,0,13
Tripura,24,63,0,83
SUBTOTALNORTHEAST,74,1003,0,1027
Chhattisgarh,51,596,4,602
Dadra&NagarHaveliandDaman &Diu,11,19,0,23
Goa,20,91,0,94
Gujarat,781,1800,17,2300
MadhyaPradesh,395,1462,17,1691
Maharashtra,1031,2393,38,3017
SUBTOTALWEST,2289,6361,76,7727
AndhraPradesh,241,1383,10,1472
Karnataka,467,2530,131,2785
Kerala,242,1017,35,1292
Lakshadweep,0,1,0,1
Puducherry,16,59,1,67
TamilNadu,513,2417,103,2682
Telangana,219,1405,53,1425
SUBTOTALSOUTH,1698,8812,333,9724
AllIndia,7713,28360,502,32777
Source:Oilcompanies,,,,
