Table 2.1:Worldtop 30crude oilcountries-ProvenReserves,,,,
atendof2020,,,,
S.No.,Country,Thousandmillion tonnes,Thousand Millionbarrels,*Reserves/ Productionratio
1,Venezuela,48.0,303.8,
2,SaudiArabia,40.9,297.5,73.6
3,Canada,27.1,168.1,89.4
4,Iran,21.7,157.8,139.8
5,Iraq,19.6,145.0,96.3
6,RussianFederation,14.8,107.8,27.6
7,Kuwait,14.0,101.5,103.2
8,UnitedArabEmirates,13.0,97.8,73.1
9,US,8.2,68.8,11.4
10,Libya,6.3,48.4,339.2
11,Nigeria,5.0,36.9,56.1
12,Kazakhstan,3.9,30.0,45.3
13,China,3.5,26.0,18.2
14,Qatar,2.6,25.2,38.1
16,Brazil,1.7,11.9,10.8
15,Algeria,1.5,12.2,25.0
18,Angola,1.1,7.8,16.1
17,Norway,1.0,7.9,10.8
19,Azerbaijan,1.0,7.0,26.7
20,Mexico,0.9,6.1,8.7
21,Oman,0.7,5.4,15.4
22,India,0.6,4.5,16.1
23,Vietnam,0.6,4.4,58.1
24,OtherAfrica,0.5,3.8,33.2
26,SouthSudan,0.5,3.5,56.4
27,Egypt,0.4,3.1,14.0
25,RepublicofCongo,0.4,2.9,25.7
28,Yemen,0.4,3.0,86.7
29,Malaysia,0.4,2.7,12.5
30,Argentina,0.3,2.5,11.3
,Subtotal,240.5,1703.3,
,Others,3.9,29.0,
,TotalWorld,244.4,1732.4,53.5
,ofwhich: OECD,38.3,260.0,25.2
,Non-OECD,206.1,1472.4,66.9
,OPEC,171.8,1214.7,108.3
,Non-OPEC,72.6,517.7,24.5
,EuropeanUnion,0.3,2.4,16.8
,Canadianoilsands:Total,26.2,161.4,
,ofwhich:Underactivedevelopment,3.1,18.9,
,Venezuela:OrinocoBelt,42.0,261.8,
"Source:Energy Institute'sStatisticalReviewofWorldEnergy,2025;*Morethan500years. Notes: Dataisasonendof 2020. Totalprovedreservesofoil-Generallytakentobethosequantitiesthatgeologicalandengineeringinformationindicateswith reasonablecertainty canberecoveredinthefuturefromknownreservoirsunderexistingeconomicandoperatingconditions.Thedata seriesfor totalprovedoil reservesdoesnotnecessarilymeetthedefinitions,guidelinesandpracticesusedfordeterminingproved reservesatcompanylevel,forinstanceas publishedbytheUSSecuritiesandExchangeCommission,nordoesitnecessarilyrepresent theEI’s viewofprovedreservesbycountry. Reserves-to-production(R/P)ratio-Ifthereservesremainingattheendofanyyear aredividedbytheproductioninthatyear,the resultis thelengthoftimethatthoseremainingreserveswouldlastifproductionweretocontinueatthatrate. Canadianoilsands'underactivedevelopment'areanofficialestimate.VenezuelanOrinocoBeltreservesarebasedontheOPEC Secretariatand governmentannouncements.ReservesandR/P ratioforCanadaincludesCanadianoilsands.ReservesandR/P ratio forVenezuelaincludesthe OrinocoBelt. SaudiArabia'soilreservesincludeNGLsfrom2017.Reservesincludegascondensateand naturalgasliquids (NGLs)aswellas crudeoil. SharesoftotalandR/Pratiosarecalculatedusingthousandmillionbarrelsfigures.",,,,
