Table5.2: ExistingMajor CrudeOilPipelinesinIndia,,,,,,
TypeofPipeline- Onshore/Offsho re,Nameofthepipeline,Owner,Length(KM),Capacity (MMT),Througput (MMT),Percentage Utilisation during
,,,01.10.2025,01.10.2025,2025-26(H1),2025-26(H1)
Onshore,CTF(CentralTankFarm)KaloltoCTFNawagam- New(New linecommissionedinAug'2010),ONGC,63,3.1,0.5,29.5
Onshore,"Nawagam-Koyali(18""line)New",,80,5.4,1.9,71.0
Onshore,"Nawagam-Koyali(14""line)( Old)",,78,3.3,0.0,0.0
Onshore,MHN-NGM(Mehsana-Nawagam)trunkline-New (New crude oil trunk line commissioned. Under operationsinceDec'2010),,77,2.3,1.0,91.2
Onshore,"CTF(CentralTankFarm),Ankleshwarto Koyalioil pipeline(AKCL-Ankleshwar KoyaliCrudeLine)",,95,2.2,0.3,23.2
Onshore,"CTF(CentralTankFarm),AnkleshwartoCPF (Central ProcessingFacility),Gandhar",,44,0.4,0.0,0.0
Onshore,"CPF(CentralProcessingFacility),Gandharto Saraswani‘T’point",,57,1.8,0.2,21.4
Onshore,Akholjuni-Koyalioil pipeline(Commissionedin July 2010).AkholjunitoLaxmipuraT'point,,66,0.5,0.2,72.5
Onshore,Lakwa-Moranoilline(New),,15,1.5,0.2,25.4
Onshore,Lakwa-Moranoilline(Old),,18,1.5,0.0,0.0
Onshore,Geleki-Jorhatoilline,,49,1.5,0.0,0.0
Onshore,Geleki-Jorhatoil line(New),,48,1.5,0.1,17.7
Onshore,Borholla-Jorhatoilline,,43,0.6,0.0,0.0
Onshore,Borholla-Jorhatnew TPL(New),,43,0.6,0.1,40.4
Onshore,NRM(Narimanam)toCPCL(Chennai Petroleum CorporationLimited),,5,0.7,0.0,0.0
Onshore,KSP-WGGStoTPKRefinery(Kesnapalli-West- Group GatheringStationtoTatipaka),,14,0.1,0.0,57.3
Onshore,"GMAA EPT(GopavaramEarlyProductionTerminal) toS. YanamUnloadingTerminal(3.5Kmlongand 4"").New linecommissionedon28.07.10",,4,0.1,0.0,41.3
Offshore,MumbaiHigh-Uran-Trunk(MUT)30’’ pipeline,,204,15.6,0.7,8.8
Offshore,Heera-Uran-Trunk(HUT) 24’’pipeline,,81,11.5,3.3,58.2
Offshore,Bombay-UranTrunk(BUT)30’’pipeline,,203,6.4,0.7,20.6
,,Subtotal ONGC,1284,60.6,9.2,30.4
Onshore,Salaya-Mathurapipeline(SMPL),IOCL,2646,25.0,12.2,98.0
Offshore,SalayaMathuraPipeline(Offshoresegment)(2),,17,-,0.0,-
Onshore,Paradip-Haldia-Baraunipipeline(PHBPL) (1),,1373,20.4,9.4,91.8
Offshore,ParadipHaldiaBarauniPipeline(Offshoresegment),,92,-,0.0,-
Onshore,Mundra-Panipatpipeline,,1194,8.4,3.5,83.3
,,Subtotal IOCL,5322,53.8,25.1,93.3
Onshore,Duliajan-Digboi-Bongaigaon-Baraunipipeline,OIL,1196,9.0,3.7,82.3
Onshore,Mangla-Bhogatpipeline,CAIRN,660,8.7,1.5,35.4
Offshore,BhogatMarine,,28,2.0,0.3,33.9
,,Subtotal CAIRN,688,10.7,1.9,35.1
Onshore,Mundra-Bathindapipeline,HMPL,1017,11.3,6.2,109.4
Onshore,Vadinar-Binapipeline,BPCL,937,7.8,3.3,85.5
,TotalCrudepipelines,,10443,153.1,49.4,64.5
Source :Oilcompanies Notes: Pipelineutilisationiscalculatedusingformula=(ThroughputinMMT*100)/(AnnualcapacityinMMTPA*0.5),,,,,,
