Table 3.11 : Domestic natural gas price and gas price ceiling,,,,
Period,Domestic natural gas price in US$/MMBTU (GCV basis)*,,Gas price ceiling (HPHT)in US$/MMBTU (GCV basis)**,
November 2014 -March 2015,5.05,,,
April 2015 -September 2015,4.66,,,
October 2015 -March 2016,3.82,,,
April 2016 -September 2016,3.06,,6.61,
October 2016 -March 2017,2.5,,5.3,
April 2017 -September 2017,2.48,,5.56,
October 2017 -March 2018,2.89,,6.3,
April 2018 -September 2018,3.06,,6.78,
October 2018 -March 2019,3.36,,7.67,
April 2019 -September 2019,3.69,,9.32,
October 2019 -March 2020,3.23,,8.43,
April 2020 -September 2020,2.39,,5.61,
October 2020 -March 2021,1.79,,4.06,
April 2021 -September 2021,1.79,,3.62,
October 2021 -March 2022,2.9,,6.13,
April 2022 -September 2022,6.1,,9.92,
October 2022 -March 2023,8.57,,12.46,
1 April 2023 -7 April 2023,9.16,,12.12,
,,,,
Period,Domestic Gas calculated price in US$/MMBTU #,Domestic Gas ceiling price for ONGC/OIL in US$/MMBTU #,Period,HP-HT Gas price ceiling in US$/MMBTU
8 April 2023 -30 April 2023,7.92,6.5,April 2023 - September 2023,12.12
1 May 2023 -31 May 2023,8.27,,,
1 June 2023 -30 June 2023,7.58,,,
1 July 2023 -31 July 2023,7.48,,,
1 August 2023 -31 August 2023,7.85,,,
1 September 2023 -30 September 2023,8.60,,,
1 October 2023 -31 October 2023,9.20,,October 2023 -March 2024,9.96
1 Nov 2023 -30 Nov2023,9.12,,,
1 Dec 2023 -31 Dec 2023,8.47,,,
1 Jan 2024 -31 Jan 2024,7.82,,,
1 Feb 2024-29 Feb 2024,7.85,,,
1 Mar 2024-31 Mar 2024,8.17,,,
1 April 2024 -30 April 2024,8.38,,April 2024 - September 2024,9.87
1 May 2024 -31 May 2024,8.90,,,
1 June 2024 -30 June 2024,8.44,,,
1 July 2024 -31 July 2024,8.24,,,
1 August 2024 -31 August 2024,8.51,,,
1 September 2024 -30 September 2024,7.85,,,
1 October 2024 -31 October 2024,7.48,,October 2024-March 2025,10.16
1 Nov 2024 -30 Nov 2024,7.53,,,
1 Dec 2024 -31 Dec 2024,7.29,,,
1 Jan 2025 -31 Jan 2025,7.30,,,
1 Feb 2025 -28 Feb 2025,7.94,,,
1 Mar 2025-31 Mar 2025,7.80,,,
1 April 2025 -30 April 2025,7.26,6.75,April 2025 - September 2025,10.04
1 May 2025 -31 May 2025,6.93,,,
1 June 2025 -30 June 2025,6.41,,,
1 July 2025 -31 July 2025,6.89,,,
1 August 2025 -31 August 2025,7.02,,,
1 September 2025 -30 September 2025,6.99,,,
1 October 2025 -31 October 2025,6.96,,October 2025-March 2026,9.72
Note:,,,,
"* As per the ""New Domestic Natural Gas Pricing Guidelines, 2014"" issued by Ministry of Petroleum & Natural Gas dated October 25,2014. Natural Gas prices are on GCV basis",,,,
"** As per the notification issedby Ministry of Petroleum and Natural Gas dated 21.03.2016 on marketing including pricing freedom for the gas to be produced from discoveries in Deepwater, Ultra Deepwater and High Pressure-High Temperature areas. PPAC Ready Reckoner",,,,
"3 # As per the "" Review of New Domestic Gas Pricing Guidelines, 2014 "" issued by Ministry of Petroleum & Natural Gas dated April 07,2023",,,,
